test.c,2022-01-0912:20:38-05:00,MODIFY,2022-01-0912:25:24-05:00,JakeEgan
pe-fields.test,2022-01-0315:51:37+02:00,ADD,2022-01-1014:44:15+02:00,MartinStorsjö
subsystem.test,2022-01-0315:51:37+02:00,ADD,2022-01-1014:44:15+02:00,MartinStorsjö
basictest-opaque-ptrs.ll,2022-01-1013:11:44+00:00,MODIFY,2022-01-1014:04:26+00:00,NunoLopes
basictest.ll,2022-01-1013:11:44+00:00,MODIFY,2022-01-1014:04:26+00:00,NunoLopes
generate_header_tests.py,2022-01-1011:26:29-05:00,MODIFY,2022-01-1011:38:25-05:00,ArthurO'Dwyer
test_macros.h,2022-01-1016:35:31-08:00,MODIFY,2022-01-1016:35:31-08:00,CaseyCarter
testdialect-attrdefs.mlir,2022-01-1101:26:44+00:00,MODIFY,2022-01-1101:30:19+00:00,MehdiAmini
testdialect-typedefs.mlir,2022-01-1101:26:44+00:00,MODIFY,2022-01-1101:30:19+00:00,MehdiAmini
file-aux-wrong64.test,2022-01-1106:17:16+00:00,DELETE,2022-01-1106:17:16+00:00,Esme-Yi
symbols-invalid.test,2022-01-1106:17:16+00:00,ADD,2022-01-1106:17:16+00:00,Esme-Yi
symbols.test,2022-01-1106:17:16+00:00,MODIFY,2022-01-1106:17:16+00:00,Esme-Yi
symbols64.test,2022-01-1106:17:16+00:00,MODIFY,2022-01-1106:17:16+00:00,Esme-Yi
format_tests.h,2022-01-1017:14:01-05:00,MODIFY,2022-01-1110:34:59-05:00,LouisDionne
test_macros.h,2022-01-1017:14:01-05:00,MODIFY,2022-01-1110:34:59-05:00,LouisDionne
mmap_test.cpp,2022-01-1105:24:57+00:00,MODIFY,2022-01-1116:51:10+00:00,SivaChandraReddy
write_test.cpp,2022-01-1105:24:57+00:00,MODIFY,2022-01-1116:51:10+00:00,SivaChandraReddy
peep-test-5.ll,2021-09-2717:57:22-07:00,ADD,2022-01-1109:07:29-08:00,MatthiasBraun
basictest-opaque-ptrs.ll,2022-01-1117:30:48+00:00,MODIFY,2022-01-1117:30:48+00:00,FlorianHahn
basictest.ll,2022-01-1117:30:48+00:00,MODIFY,2022-01-1117:30:48+00:00,FlorianHahn
basic.test,2022-01-1115:53:25-05:00,ADD,2022-01-1115:53:25-05:00,zhijian
basic_64.test,2022-01-1115:53:25-05:00,ADD,2022-01-1115:53:25-05:00,zhijian
invalid-section-index.test,2022-01-1115:53:25-05:00,ADD,2022-01-1115:53:25-05:00,zhijian
size.test,2022-01-1116:24:43-05:00,ADD,2022-01-1116:24:43-05:00,zhijian
L-and-l.test,2022-01-1114:38:25-08:00,MODIFY,2022-01-1114:47:51-08:00,RogerKim
archive-flattening.test,2022-01-1114:38:25-08:00,MODIFY,2022-01-1114:47:51-08:00,RogerKim
create-static-lib.test,2022-01-1114:38:25-08:00,MODIFY,2022-01-1114:47:51-08:00,RogerKim
tsan_trace_test.cpp,2022-01-1115:30:17-08:00,MODIFY,2022-01-1115:33:29-08:00,JulianLettner
tsan_trace_test.cpp,2022-01-1115:34:46-08:00,MODIFY,2022-01-1115:35:15-08:00,JulianLettner
L-and-l.test,2022-01-1122:02:59-08:00,MODIFY,2022-01-1122:02:59-08:00,ShoaibMeenai
archive-flattening.test,2022-01-1122:02:59-08:00,MODIFY,2022-01-1122:02:59-08:00,ShoaibMeenai
create-static-lib.test,2022-01-1122:02:59-08:00,MODIFY,2022-01-1122:02:59-08:00,ShoaibMeenai
MachO_arm64_stub_to_got_distance_stress_test.s,2022-01-1217:53:13+11:00,ADD,2022-01-1218:03:58+11:00,LangHames
symbols-invalid.test,2022-01-1207:18:21+00:00,MODIFY,2022-01-1207:18:21+00:00,Esme-Yi
symbols.test,2022-01-1207:18:21+00:00,MODIFY,2022-01-1207:18:21+00:00,Esme-Yi
symbols64.test,2022-01-1207:18:21+00:00,MODIFY,2022-01-1207:18:21+00:00,Esme-Yi
symbols-invalid.test,2022-01-1209:42:05-05:00,MODIFY,2022-01-1209:42:05-05:00,NicoWeber
symbols.test,2022-01-1209:42:05-05:00,MODIFY,2022-01-1209:42:05-05:00,NicoWeber
symbols64.test,2022-01-1209:42:05-05:00,MODIFY,2022-01-1209:42:05-05:00,NicoWeber
exceptions-instrumentation.test,2022-01-1209:23:30-08:00,RENAME,2022-01-1209:25:12-08:00,AmirAyupov
demangle.test,2022-01-1212:27:03-05:00,ADD,2022-01-1212:27:03-05:00,zhijian
plugin.test,2022-01-1211:32:30-08:00,ADD,2022-01-1211:32:31-08:00,FangruiSong
archive-format.test,2022-01-1211:33:23-08:00,MODIFY,2022-01-1211:33:23-08:00,FangruiSong
plugin.test,2022-01-1211:33:23-08:00,ADD,2022-01-1211:33:23-08:00,FangruiSong
response.test,2022-01-1211:33:23-08:00,MODIFY,2022-01-1211:33:23-08:00,FangruiSong
version.test,2022-01-1211:33:23-08:00,MODIFY,2022-01-1211:33:23-08:00,FangruiSong
strtold_test.cpp,2022-01-1213:44:10-08:00,MODIFY,2022-01-1214:24:18-08:00,MichaelJones
guard_test_basic.pass.cpp,2021-08-1110:47:48-04:00,MODIFY,2022-01-1217:29:17-05:00,DanielMcIntosh
guard_threaded_test.pass.cpp,2021-08-1110:47:48-04:00,MODIFY,2022-01-1217:29:17-05:00,DanielMcIntosh
guard_test_basic.pass.cpp,2021-08-1614:07:55-04:00,MODIFY,2022-01-1217:30:10-05:00,DanielMcIntosh
guard_test_basic.pass.cpp,2021-12-0813:16:21-05:00,MODIFY,2022-01-1217:31:08-05:00,DanielMcIntosh
guard_test_basic.pass.cpp,2021-12-0813:22:52-05:00,MODIFY,2022-01-1217:31:36-05:00,DanielMcIntosh
strtold_test.cpp,2022-01-1214:33:03-08:00,MODIFY,2022-01-1214:34:57-08:00,MichaelJones
